{"cameraMode":{"drawMode":0,"name":"Shaded","section":"Shading Mode"},"sceneLighting":false,"audioPlay":false,"sceneViewState":{"showFog":true,"showMaterialUpdate":true,"showSkybox":false,"showFlares":true,"showImageEffects":true,"showParticleSystems":true},"in2DMode":false,"pivot":{"x":-1.025162696838379,"y":-0.1153927817940712,"z":1.4437016248703004},"rotation":{"x":0.019120793789625169,"y":0.43974047899246218,"z":0.0093617495149374,"w":-0.8979153633117676},"size":2.8578836917877199,"orthographic":false}