{"cameraMode":{"drawMode":0,"name":"Shaded","section":"Shading Mode"},"sceneLighting":true,"audioPlay":false,"sceneViewState":{"showFog":true,"showMaterialUpdate":true,"showSkybox":true,"showFlares":true,"showImageEffects":true,"showParticleSystems":true},"in2DMode":false,"pivot":{"x":0.7654181718826294,"y":7.15427303314209,"z":-13.021145820617676},"rotation":{"x":-0.07696667313575745,"y":0.04724683612585068,"z":-0.0034688215237110855,"w":-0.9959555864334106},"size":1.4573681354522706,"orthographic":false}